<?xml version="1.0" encoding="utf-8"?> 
<!-- 
  Synopsys, Inc.
  Version P-2019.03P-Beta2
  Project file G:\FPGA\synthesize\synplify_impl\syntmp\run_option.xml
  Written on Fri Nov 13 23:10:11 2020


--> 
<project_attribute_list name="Project Settings"> 
     <option name="project_name" display_name="Project Name">synplify_pro</option>
     <option name="device_name" display_name="Device Name">synplify_impl: Pango Logos : PGL22G</option>
     <option name="impl_name" display_name="Implementation Name">synplify_impl</option>
     <option name="top_module" display_name="Top Module">main</option>
     <option name="pipe" display_name="Pipelining">1</option>
     <option name="retiming" display_name="Retiming">0</option>
     <option name="resource_sharing" display_name="Resource Sharing">1</option>
     <option name="maxfan" display_name="Fanout Guide">10000</option>
     <option name="disable_io_insertion" display_name="Disable I/O Insertion">0</option>
     <option name="no_sequential_opt" display_name="Disable Sequential Optimizations">0</option>
     <option name="fix_gated_and_generated_clocks" display_name="Clock Conversion">1</option>
     <option name="symbolic_fsm_compiler" display_name="FSM Compiler">1</option>
</project_attribute_list>

